"customer_id","customer_name","contact","membership"
1,John Karlo,john.karlo@gmx.de,Standard
2,Jane Johnson,jane.johnson@gmx.de,Premium
3,Michael Williams,michael.williams@gmx.de,Standard
4,Emily Brown,emily.brown@gmx.de,Premium
5,David Jones,david.jones@gmx.de,Standard
6,Sophia Miller,sophia.miller@gmx.de,Premium
7,William Davis,william.davis@gmx.de,Standard
8,Olivia Garcia,olivia.garcia@gmx.de,Premium
9,James Höffner,james.hoffner@gmx.de,Standard
10,Maren Bankmann,maren.bankmann@gmx.de,Premium
11,Louisa Schmitz,louisa.schmitz@gmx.de,Standard
12,Karin Müller,karin.muller@gmx.de,Premium
13,Cindy Schneider,cindy.schneider@gmx.de,Standard
14,Christian Weiland,christian.weiland@gmx.de,Premium
15,Christian Smith,christian.smith@gmx.de,Standard
16,Olivia Johnson,olivia.johnson@gmx.de,Premium
17,Liam Williams,liam.williams@gmx.de,Standard
18,Emma Jones,emma.jones@gmx.de,Premium
19,Noah Brown,noah.brown@gmx.de,Standard
20,Ava Davis,ava.davis@gmx.de,Premium
21,Sophia Miller,sophia.miller@gmx.de,Standard
22,Isabella Wilson,isabella.wilson@gmx.de,Premium
23,Mia Moore,mia.moore@gmx.de,Standard
24,Charlotte Taylor,charlotte.taylor@gmx.de,Premium
25,Amelia Anderson,amelia.anderson@gmx.de,Standard
26,Harper Thomas,harper.thomas@gmx.de,Premium
27,Evelyn Jackson,evelyn.jackson@gmx.de,Standard
28,Abigail White,abigail.white@gmx.de,Premium
29,Emily Harris,emily.harris@gmx.de,Standard
30,Elizabeth Martin,elizabeth.martin@gmx.de,Premium
31,Mila Thompson,mila.thompson@gmx.de,Standard
32,Ella Garcia,ella.garcia@gmx.de,Premium
33,Scarlett Martinez,scarlett.martinez@gmx.de,Standard
34,Luna Robinson,luna.robinson@gmx.de,Premium
35,Sofia Clark,sofia.clark@gmx.de,Standard
36,Avery Rodriguez,avery.rodriguez@gmx.de,Premium
37,Grace Lewis,grace.lewis@gmx.de,Standard
38,Chloe Lee,chloe.lee@gmx.de,Premium
39,Victoria Walker,victoria.walker@gmx.de,Standard
40,Madison Hall,madison.hall@gmx.de,Premium
41,Eleanor Allen,eleanor.allen@gmx.de,Standard
42,Hannah Young,hannah.young@gmx.de,Premium
43,Nora Hernandez,nora.hernandez@gmx.de,Standard
44,Riley King,riley.king@gmx.de,Premium
45,Zoe Wright,zoe.wright@gmx.de,Standard
46,Lily Lopez,lily.lopez@gmx.de,Premium
47,Layla Hill,layla.hill@gmx.de,Standard
48,Lillian Scott,lillian.scott@gmx.de,Standard
49,Ethan Adams,ethan.adams@gmx.de,Premium
50,Avery Rivera,avery.rivera@gmx.de,Standard
51,Benjamin Torres,benjamin.torres@gmx.de,Premium
52,Elijah Mitchell,elijah.mitchell@gmx.de,Standard
53,Logan Perez,logan.perez@gmx.de,Premium
54,Lucas Roberts,lucas.roberts@gmx.de,Standard
55,Mason Turner,mason.turner@gmx.de,Premium
56,Alexander Phillips,alexander.phillips@gmx.de,Standard
57,Henry Campbell,henry.campbell@gmx.de,Premium
58,Sebastian Edwards,sebastian.edwards@gmx.de,Standard
59,Jack Foster,jack.foster@gmx.de,Premium
60,Owen Collins,owen.collins@gmx.de,Standard
61,Samuel Stewart,samuel.stewart@gmx.de,Premium
62,Matthew Sanchez,matthew.sanchez@gmx.de,Standard
63,Joseph Morris,joseph.morris@gmx.de,Premium
64,Levi Rogers,levi.rogers@gmx.de,Standard
65,Wyatt Reed,wyatt.reed@gmx.de,Premium
66,Christian Cook,christian.cook@gmx.de,Standard
67,Andrew Morgan,andrew.morgan@gmx.de,Premium
68,Gabriel Bell,gabriel.bell@gmx.de,Standard
69,Daniel Coleman,daniel.coleman@gmx.de,Premium
70,Isaac Richardson,isaac.richardson@gmx.de,Standard
71,Alexander Peterson,alexander.peterson@gmx.de,Premium
72,Carter Murphy,carter.murphy@gmx.de,Standard
73,Jayden Griffin,jayden.griffin@gmx.de,Premium
74,Nathan West,nathan.west@gmx.de,Standard
75,Dylan Cox,dylan.cox@gmx.de,Premium
76,Elijah Howard,elijah.howard@gmx.de,Standard
77,Nicholas Ward,nicholas.ward@gmx.de,Premium
78,Samuel Bailey,samuel.bailey@gmx.de,Standard
79,Christopher Foster,christopher.foster@gmx.de,Premium
80,Henry Simmons,henry.simmons@gmx.de,Standard
81,Benjamin Murphy,benjamin.murphy@gmx.de,Premium
82,Andrew Simmons,andrew.simmons@gmx.de,Standard
83,Joseph Powell,joseph.powell@gmx.de,Premium
84,David Foster,david.foster@gmx.de,Standard
85,Alexander Wright,alexander.wright@gmx.de,Premium
86,William Barnes,william.barnes@gmx.de,Standard
87,Benjamin Bennett,benjamin.bennett@gmx.de,Premium
88,Samuel Bauer,samuel.bauer@gmx.de,Premium
89,Joseph Sanchez,joseph.sanchez@gmx.de,Standard
90,Daniel Henderson,daniel.henderson@gmx.de,Standard
91,Henry Perry,henry.perry@gmx.de,Premium
92,Nathan Cox,nathan.cox@gmx.de,Standard
93,David Bailey,david.bailey@gmx.de,Premium
94,Andrew Schmidt,andrew.schmidt@gmx.de,Premium
95,Christopher Powell,christopher.powell@gmx.de,Premium
96,Henry Foster,henry.foster@gmx.de,Standard
97,Ethan Adams,ethan.adams@gmx.de,Premium
98,Mason Thompson,mason.thompson@gmx.de,Standard
99,Vivek Sharma,vivek.sharma@gmx.de,Premium
100,Gouri Laxman,gouri.laxman@gmx.de,Premium
